Item,Open_CO_Qty,Total_Open_CO_Qty,Open_CO(%),Acc(%),Item_Class
B814-71,20,,,,
4530294,4,,,,
4530281,3,,,,
4530252,7,,,,
D743-35,164,,,,
D743-02,1000,,,,
D974-00,134,,,,
D814-60,68,,,,
D615-124,118,,,,
7620425,362,,,,
B5168-196,151,,,,
8721438,118,,,,
8721425,106,,,,
8110325,169,,,,
B5168-92,372,,,,
8721435,119,,,,
B5168-81,146,,,,
D372-01,810,,,,
D615-01,416,,,,
D615-03,206,,,,
3500212,25,,,,
8410218,70,,,,
D615-04,212,,,,
D372-15,186,,,,
D615-02,496,,,,
D615-224,130,,,,
D615-324,120,,,,
D615-424,100,,,,
D594-01,716,,,,
D594-35,85,,,,
D594-00,53,,,,
T637-7,76,,,,
5210725,19,,,,
T103-213,122,,,,
T5168-1,121,,,,
5210735,20,,,,
5210738,25,,,,
T5168-3,69,,,,
W5168-20,112,,,,
D5168-25,100,,,,
D5168-60,57,,,,
D5168-01,532,,,,
1470735,66,,,,
1560235,228,,,,
1470738,96,,,,
1560238,326,,,,
5960366,104,,,,
5200335,266,,,,
9280111,56,,,,
5230408,127,,,,
1530502,140,,,,
8721325,64,,,,
9280117,158,,,,
5230467,349,,,,
2850220,92,,,,
5930213,20,,,,
D760-01,1374,,,,
D760-45,223,,,,
D760-02,416,,,,
D760-60,140,,,,
B777-36,64,,,,
B777-93,168,,,,
B697-31,262,,,,
B777-97,33,,,,
B697-98,97,,,,
B777-58,12,,,,
B777-56S,29,,,,
B777-46,46,,,,
B777-96,5,,,,
B697-92,483,,,,
B697-77,94,,,,
B777-54S,16,,,,
B697-74,103,,,,
B777-57,4,,,,
B697-36,183,,,,
B697-46,118,,,,
B777-31,90,,,,
1960477,696,,,,
7720438,54,,,,
2410138,361,,,,
1202125,18,,,,
1202138,17,,,,
1540308,22,,,,
1540365,19,,,,
1540377,13,,,,
1540364,19,,,,
1540346,30,,,,
1020177,244,,,,
8070366,72,,,,
4030634,170,,,,
4030677,165,,,,
B743-99,23,,,,
D647-60,153,,,,
B743-36,140,,,,
B647-77,9,,,,
4060638,33,,,,
B647-36,75,,,,
D394-32,103,,,,
B743-74,4,,,,
3100517,4,,,,
D647-02,930,,,,
5200435,48,,,,
B647-56,71,,,,
B647-97,89,,,,
7650488,149,,,,
B647-131,85,,,,
B742-56,35,,,,
1150271,277,,,,
B742-54,45,,,,
7650425,142,,,,
B647-78,11,,,,
D647-01,1980,,,,
B743-77,4,,,,
D745-01,692,,,,
B742-58,49,,,,
B742-97,30,,,,
B743-98,4,,,,
B742-92,409,,,,
B742-36,176,,,,
B742-78,90,,,,
B743-78,21,,,,
B742-31,230,,,,
B743-31,191,,,,
2900448,95,,,,
5200438,42,,,,
D394-124,362,,,,
7650594,110,,,,
D745-45,106,,,,
5200338,415,,,,
B743-76,21,,,,
D394-425,506,,,,
B742-96,28,,,,
7650588,109,,,,
B742-77,61,,,,
7650525,112,,,,
3100535,24,,,,
3100538,26,,,,
B742-57,55,,,,
4060635,25,,,,
D647-25,293,,,,
2940216,6,,,,
B647-96,38,,,,
3100566,4,,,,
B743-93,260,,,,
2900417,96,,,,
B647-54,25,,,,
2900434,205,,,,
2940203,6,,,,
7650494,124,,,,
B647-191,145,,,,
5960346,45,,,,
3290238,245,,,,
3310435,54,,,,
D970-25,60,,,,
1000746,68,,,,
D970-01A,100,,,,
D440-024,328,,,,
8670588,37,,,,
D440-52,76,,,,
1000777,19,,,,
8670488,61,,,,
D615-15,178,,,,
D291-25,37,,,,
8670594,43,,,,
D615-35,115,,,,
8670494,40,,,,
B5168-36,131,,,,
4100235,25,,,,
4110335,122,,,,
1000765,44,,,,
D970-01,330,,,,
3690248,1,,,,
B5168-31,194,,,,
2790318,33,,,,
4110338,136,,,,
2500366,5,,,,
3310438,46,,,,
D291-01,256,,,,
4100238,56,,,,
2500367,1,,,,
2500316,4,,,,
3690249,1,,,,
B5168-82,71,,,,
3690348,2,,,,
3690349,2,,,,
1000764,46,,,,
2500317,1,,,,
B5168-197,69,,,,
8070334,120,,,,
7650598,66,,,,
8721317,117,,,,
1960466,707,,,,
9620538,584,,,,
9620523,222,,,,
9620514,130,,,,
3950416,139,,,,
1960467,716,,,,
3950456,82,,,,
3950455,73,,,,
3950467,160,,,,
3950417,82,,,,
9620535,399,,,,
2960338,88,,,,
2960323,35,,,,
U7160462,52,,,,
U7160477,27,,,,
U7160446,46,,,,
U7160482,17,,,,
3730720,176,,,,
3730735,294,,,,
3730738,229,,,,
D783-50,193,,,,
2740339,22,,,,
2740314,33,,,,
2550438,78,,,,
2550435,75,,,,
2740335,402,,,,
2740323,220,,,,
2740338,480,,,,
2850335,156,,,,
D783-01,910,,,,
H743-134,55,,,,
2850338,137,,,,
W647-60,230,,,,
D974-01,1048,,,,
2550420,64,,,,
2850320,65,,,,
D974-35,168,,,,
2850314,11,,,,
W562-68,25,,,,
5440531,107,,,,
3120135,268,,,,
1810218,105,,,,
8070316,39,,,,
1020165,427,,,,
5220477,75,,,,
1440464,290,,,,
8070266,62,,,,
8721417,69,,,,
2980446,77,,,,
1020208,34,,,,
1100117,40,,,,
1570565,51,,,,
2110546,294,,,,
1530511,89,,,,
5220466,135,,,,
D984-01,2206,,,,
D813-55T,56,,,,
D813-60,30,,,,
D813-01,234,,,,
D813-02,124,,,,
D813-55B,56,,,,
9280102,163,,,,
W738-78,45,,,,
H743-70,144,,,,
H743-34,82,,,,
1570564,55,,,,
5220467,155,,,,
T461-2,49,,,,
T481-1,876,,,,
9510438,221,,,,
B743-97,90,,,,
T974-4,97,,,,
T741-3,34,,,,
T924-1,30,,,,
T747-3,91,,,,
6550435,206,,,,
1100155,113,,,,
B743-56,91,,,,
T402-13,137,,,,
T776-1,341,,,,
B743-58,117,,,,
T776-3,400,,,,
T964-6,34,,,,
T404-13,36,,,,
1080329,116,,,,
T747-1,60,,,,
T924-3,60,,,,
T974-1,182,,,,
T481-2,1024,,,,
T974-2,266,,,,
6550423,133,,,,
T458-6,38,,,,
T400-13,131,,,,
T741-1,20,,,,
T964-8,53,,,,
T458-8,19,,,,
T461-8,33,,,,
6550438,254,,,,
D394-25,48,,,,
B633-74,96,,,,
D372-16,10,,,,
B756-31,222,,,,
1240434,330,,,,
B756-36,188,,,,
B971-31,48,,,,
D798-55B,104,,,,
B756-57,87,,,,
B090-781,32,,,,
T637-20,282,,,,
1240446,323,,,,
B971-154,6,,,,
B751-54,36,,,,
B719-92,300,,,,
B733-92,133,,,,
B633-92,158,,,,
T471-1,568,,,,
D631-01,994,,,,
D388-425,97,,,,
B633-36,80,,,,
B633-46,73,,,,
B756-56,213,,,,
D984-01A,668,,,,
B814-99,37,,,,
D546-424,276,,,,
D736-09,18,,,,
D748-01,64,,,,
B719-74,52,,,,
B719-57,15,,,,
B751-96,15,,,,
D736-25,34,,,,
B733-31,86,,,,
D803-01,196,,,,
B756-46,77,,,,
D546-524,318,,,,
B756-58,211,,,,
B814-36,37,,,,
9510444,81,,,,
B697-78,84,,,,
3370635,638,,,,
B733-36,58,,,,
D798-02A,244,,,,
D736-01,182,,,,
B733-58,34,,,,
T736-20,57,,,,
D786-00,25,,,,
D631-00,111,,,,
B697-99,79,,,,
D776-50B,12,,,,
D814-25,65,,,,
D394-01,252,,,,
D814-01,526,,,,
B971-197,28,,,,
B751-57,36,,,,
D631-45,181,,,,
9510344,80,,,,
5610346,76,,,,
B633-77,125,,,,
2730446,36,,,,
B719-98,42,,,,
B756-54,37,,,,
B719-99,59,,,,
1330277,78,,,,
B719-76,68,,,,
D736-32,25,,,,
B733-74,45,,,,
D546-13,38,,,,
D647-00,85,,,,
D786-01,858,,,,
D736-124,144,,,,
D786-25,167,,,,
D983-01,104,,,,
M71631W2,7,,,,
D647-124,588,,,,
D984-45,366,,,,
B100-14,79,,,,
B814-31,50,,,,
2100138,80,,,,
3370638,798,,,,
8070216,7,,,,
D768-45,6,,,,
B100-13,27,,,,
5200323,68,,,,
D803-55T,33,,,,
T351-13,57,,,,
2110508,13,,,,
B130-381,17,,,,
2110577,101,,,,
B971-93,84,,,,
W814-30,130,,,,
D589-35,47,,,,
2110408,13,,,,
D776-01,3228,,,,
1240456,340,,,,
B983-36,4,,,,
T471-4,266,,,,
T637-3,211,,,,
T637-4,84,,,,
D546-124,82,,,,
D546-324,84,,,,
2910288,6,,,,
B974-77,39,,,,
B974-74,39,,,,
B974-31,97,,,,
7450225,21,,,,
7690294,5,,,,
B974-92,167,,,,
7450294,14,,,,
7690288,30,,,,
2850214,87,,,,
1020246,834,,,,
D615-13,94,,,,
D743-60,89,,,,
D971-02,92,,,,
D743-01,650,,,,
U7160457,35,,,,
U7160458,56,,,,
5050516,109,,,,
5050408,25,,,,
5050466,43,,,,
3570235,173,,,,
5050416,58,,,,
5050517,93,,,,
5050566,93,,,,
5050467,58,,,,
5050567,109,,,,
3570238,262,,,,
3570221,117,,,,
5050417,43,,,,
5050508,24,,,,
8070234,83,,,,
5630338,85,,,,
5230466,356,,,,
8070317,88,,,,
8070217,62,,,,
8721338,178,,,,
5630335,56,,,,
8390416,30,,,,
3450238,27,,,,
B947-36,18,,,,
B947-31,19,,,,
B947-97,21,,,,
B947-56,16,,,,
D154-223,15,,,,
B947-46,15,,,,
B947-93,44,,,,
B947-58,16,,,,
1020264,478,,,,
2980465,44,,,,
1100134,98,,,,
1020146,937,,,,
1440477,213,,,,
1020265,468,,,,
1100177,59,,,,
1100146,95,,,,
1440446,521,,,,
2980408,13,,,,
1440465,287,,,,
2980477,24,,,,
1530517,132,,,,
5200314,61,,,,
5510418,175,,,,
A4000326,5,,,,
EB5514-111,3,,,,
T814-9,54,,,,
3380325,18,,,,
3190138,139,,,,
EW0446-124,12,,,,
9860586,20,,,,
7620489,345,,,,
1010494,5,,,,
T814-4,33,,,,
7650496,83,,,,
9910138,1,,,,
EW0440-124,17,,,,
T499-4,152,,,,
3990488,5,,,,
T356-13,54,,,,
7690225,17,,,,
7650596,49,,,,
7650498,53,,,,
7650487,93,,,,
2410135,275,,,,
B775-58W1,1,,,,
B502-96W1,4,,,,
B765-58,1,,,,
B775-56W1,1,,,,
B765-56S,1,,,,
T959-1,4,,,,
1361134,131,,,,
1361117,79,,,,
B680-92,145,,,,
9600602,27,,,,
9510435,179,,,,
B680-97,80,,,,
B680-58,52,,,,
B680-54,28,,,,
B680-57,28,,,,
B680-56,52,,,,
B680-31,54,,,,
9600617,26,,,,
8460423,41,,,,
8460435,77,,,,
8460438,142,,,,
3480938,164,,,,
3480935,164,,,,
3480923,89,,,,
M44004,43,,,,
5860567,277,,,,
5860566,277,,,,
5860577,286,,,,
1080229,44,,,,
5610349,70,,,,
3140335,156,,,,
3510335,167,,,,
3140338,153,,,,
3510314,24,,,,
3510338,208,,,,
5360425,12,,,,
4060439,6,,,,
5360436,16,,,,
4060438,182,,,,
4060435,172,,,,
4060639,19,,,,
5360325,45,,,,
5360336,32,,,,
9400235,46,,,,
5440557,58,,,,
5440577,70,,,,
3290235,143,,,,
5440546,108,,,,
2350146,18,,,,
3870414,18,,,,
8721416,75,,,,
T163-22,274,,,,
3870438,177,,,,
B971-156,18,,,,
B971-36,38,,,,
3370639,23,,,,
W331-127,2,,,,
3890139,42,,,,
W331-168,6,,,,
B971-158,19,,,,
W331-124,4,,,,
1960408,101,,,,
1020164,447,,,,
1020277,410,,,,
1100108,29,,,,
1960446,360,,,,
5230446,150,,,,
5230477,269,,,,
D984-60,231,,,,
B776-31,171,,,,
B776-54S,16,,,,
B776-97W1,188,,,,
B776-93,415,,,,
B776-54,30,,,,
B776-46,108,,,,
B100-14W1,197,,,,
B776-56W1,63,,,,
B776-158W1,118,,,,
B100-13W1,148,,,,
B776-157,31,,,,
Z1411838,463,,,,
D814-50T,24,,,,
EW0267-124,37,,,,
3380225,83,,,,
EW0440-268,25,,,,
7620494,207,,,,
5540328,27,,,,
H304-17,323,,,,
D814-02,1416,,,,
T275-2,263,,,,
T287-1,183,,,,
H400-09A,119,,,,
H304-29,486,,,,
T990-00,67,,,,
H755-44,38,,,,
T300-617,28,,,,
W755-48,25,,,,
T731-3,48,,,,
W755-68,27,,,,
A4000297,30,,,,
T844-3,18,,,,
W701-88,57,,,,
T300-317,98,,,,
H302-29,124,,,,
B756-91,399,,,,
T904-3,18,,,,
9414038,26,,,,
T755-9,22,,,,
T755-3,21,,,,
9414021,9,,,,
9414035,24,,,,
T904-9,34,,,,
2110517,43,,,,
2110516,50,,,,
2110521,79,,,,
2110565,156,,,,
2110564,185,,,,
1000665,172,,,,
4030608,21,,,,
1000677,98,,,,
4030616,70,,,,
4030646,137,,,,
1000616,47,,,,
1000608,22,,,,
4030667,108,,,,
4030666,93,,,,
4030617,55,,,,
1000646,285,,,,
1000664,163,,,,
1000617,37,,,,
T736-7,25,,,,
A3000224,15,,,,
EB2270-112,6,,,,
B090-782,12,,,,
1530521,26,,,,
9510423,90,,,,
A3000265,18,,,,
EB4121-112,2,,,,
D647-32,101,,,,
7720423,28,,,,
9510323,47,,,,
7500835,22,,,,
2110421,99,,,,
A3000030,42,,,,
T517-0,95,,,,
A4000033,4,,,,
B783-09,1,,,,
B130-581,120,,,,
6550414,34,,,,
4060420,110,,,,
4060414,34,,,,
7720435,44,,,,
5360439,14,,,,
5120539,39,,,,
2100123,45,,,,
2100114,9,,,,
2100135,66,,,,
5960367,114,,,,
9400238,36,,,,
5960377,99,,,,
T922-2,176,,,,
2930281,48,,,,
1570546,99,,,,
2930252,77,,,,
1570577,29,,,,
T922-1,109,,,,
2930286,35,,,,
1240477,72,,,,
3120123,154,,,,
1530503,59,,,,
D786-60,18,,,,
2110465,219,,,,
2984165,143,,,,
EW0446-268,19,,,,
3120138,333,,,,
D770-45,18,,,,
D770-02,28,,,,
5930247,127,,,,
5610356,60,,,,
3380294,32,,,,
3380288,26,,,,
9860525,103,,,,
B5168-82W1,114,,,,
2410121,264,,,,
B803-36,11,,,,
B5168-197W1,112,,,,
2410123,144,,,,
B5168-46,148,,,,
B803-31,5,,,,
5560338,33,,,,
3470814,10,,,,
D385-325,66,,,,
3510323,92,,,,
T994-20,245,,,,
T994-2,251,,,,
D814-13,23,,,,
W5637-20,148,,,,
3510342,69,,,,
D814-124,90,,,,
5440558,108,,,,
7500538,57,,,,
5610348,39,,,,
5930218,104,,,,
5930118,99,,,,
5930147,234,,,,
7650587,58,,,,
7500535,37,,,,
8390516,17,,,,
8390535,40,,,,
8721366,40,,,,
8721308,25,,,,
7500838,21,,,,
8390417,25,,,,
8070367,56,,,,
8390517,19,,,,
8721316,58,,,,
8721335,151,,,,
B776-97,73,,,,
B776-56,62,,,,
B776-36,134,,,,
B776-158,42,,,,
T782-4,31,,,,
T916-1,43,,,,
T782-3,63,,,,
T929-20,43,,,,
T916-2,25,,,,
T802-2,9,,,,
T891-9,5,,,,
T814-1,160,,,,
T979-9,6,,,,
T743-0,159,,,,
T743-6,351,,,,
T758-7,35,,,,
T814-3,275,,,,
T934-7,12,,,,
T782-1,53,,,,
T929-3,52,,,,
T776-4,194,,,,
T892-7,15,,,,
T934-9,69,,,,
T814-5,29,,,,
T743-7,56,,,,
T758-3,39,,,,
T979-3,6,,,,
T892-3,34,,,,
T892-9,65,,,,
T802-1,21,,,,
T758-9,61,,,,
T758-3W9,17,,,,
T743-4,94,,,,
W5411-20,118,,,,
W743-68,96,,,,
T163-16,50,,,,
B974-56W1,35,,,,
B974-36,76,,,,
B974-58W1,35,,,,
B974-57,39,,,,
B974-54,39,,,,
B974-50,71,,,,
M60X32US,43,,,,
T523-9,46,,,,
H683-01A,36,,,,
T523-7,33,,,,
D743-45,100,,,,
T747-4,36,,,,
H683-27,9,,,,
H683-17,14,,,,
D594-60,10,,,,
M82510,40,,,,
M44001,41,,,,
3190135,127,,,,
W5743-20,116,,,,
M44005,50,,,,
7590906,2,,,,
6200235,14,,,,
4710312,60,,,,
4710212,61,,,,
4620638,19,,,,
6200216,2,,,,
4620435,25,,,,
4620635,24,,,,
7591006,2,,,,
U4460425,7,,,,
6200238,11,,,,
4620538,20,,,,
4620535,29,,,,
5510420,15,,,,
8110525,205,,,,
6200267,2,,,,
5510414,3,,,,
4620438,15,,,,
8110425,115,,,,
5440562,71,,,,
5440579,7,,,,
5440530,7,,,,
D971-60,31,,,,
D971-45,43,,,,
D971-01,214,,,,
2740321,138,,,,
8721467,78,,,,
8390538,33,,,,
2000535,110,,,,
2000520,106,,,,
2000538,118,,,,
3340423,30,,,,
4060538,83,,,,
4060535,105,,,,
8390435,75,,,,
3340435,102,,,,
8390420,27,,,,
8390438,69,,,,
3570220,59,,,,
4060520,69,,,,
3340438,115,,,,
T377-13,887,,,,
T481-4,398,,,,
D631-124,648,,,,
7260016,28,,,,
7260034,43,,,,
7260067,28,,,,
5900625,11,,,,
H302-17,22,,,,
H302-12,57,,,,
D372-23,20,,,,
B697-78W1,85,,,,
B697-76W1,88,,,,
B697-99W1,87,,,,
4110235,8,,,,
4110320,104,,,,
4110220,4,,,,
4110218,11,,,,
5810346,60,,,,
1240416,26,,,,
1240455,297,,,,
3140323,57,,,,
3140223,28,,,,
3140238,123,,,,
3370644,249,,,,
3140235,100,,,,
3140308,11,,,,
3140208,12,,,,
2110464,244,,,,
1510435,157,,,,
A3000051,45,,,,
8550638,34,,,,
B778-36,38,,,,
B778-46,25,,,,
T411-40,89,,,,
B778-31,41,,,,
B733-46,21,,,,
B778-92,62,,,,
B733-57,33,,,,
B733-54,14,,,,
D397-425,147,,,,
2110416,86,,,,
2984164,148,,,,
2984177,83,,,,
2850238,276,,,,
2110446,345,,,,
2984108,50,,,,
1530516,44,,,,
M60X42W2,9,,,,
EW1864-268,41,,,,
EW3660-268,48,,,,
1361156,110,,,,
1361155,167,,,,
T659-20,15,,,,
5120525,54,,,,
5120425,66,,,,
3070620,34,,,,
3440135,59,,,,
3070638,35,,,,
3440138,51,,,,
3070635,43,,,,
9510335,165,,,,
9510338,145,,,,
7720414,4,,,,
B743-22,76,,,,
2984146,155,,,,
8721466,47,,,,
1100156,120,,,,
8721367,39,,,,
3890138,660,,,,
Z1510473,163,,,,
M61141W2,20,,,,
T845-9,17,,,,
M61121US,10,,,,
H743-34W9,53,,,,
1240417,31,,,,
B743-93W9,60,,,,
B743-21,21,,,,
B743-197,23,,,,
B743-26,19,,,,
B777-158,27,,,,
B743-56S,17,,,,
B743-45,24,,,,
B777-56,17,,,,
D924-55T,38,,,,
D924-01,274,,,,
D924-55B,38,,,,
B280-672,7,,,,
4060514,10,,,,
9380281,14,,,,
1030225,16,,,,
1030125,12,,,,
5120438,302,,,,
5120435,297,,,,
5860546,179,,,,
3890135,520,,,,
3890114,81,,,,
3890123,322,,,,
A3000244,785,,,,
2900449,60,,,,
2900416,60,,,,
7050935,18,,,,
7050938,25,,,,
T275-9,33,,,,
D393-425,118,,,,
2410120,52,,,,
4820220,120,,,,
4820238,146,,,,
4820214,27,,,,
4820235,126,,,,
8390567,23,,,,
8390520,12,,,,
8390566,22,,,,
D980-01,706,,,,
D980-60,63,,,,
D980-55T,96,,,,
D980-55B,95,,,,
2230214,40,,,,
2900316,11,,,,
2900334,41,,,,
2900317,27,,,,
2900349,13,,,,
2900348,25,,,,
2980464,40,,,,
3310414,6,,,,
T144-13,321,,,,
2610738,38,,,,
A3000031,68,,,,
A4000021,59,,,,
W5822-20,49,,,,
2610735,24,,,,
EB3660-245,13,,,,
H449-10,4,,,,
3100416,1,,,,
EB3660-113,31,,,,
EB3660-231,15,,,,
T188-13,131,,,,
A3000040,24,,,,
EB3660-291,58,,,,
M58931W2,10,,,,
EB3660-157,32,,,,
4100220,23,,,,
2610717,31,,,,
4100214,3,,,,
3100467,1,,,,
2160412,65,,,,
H220-06A,28,,,,
3550466,8,,,,
2680435,71,,,,
2940302,15,,,,
3550416,12,,,,
3550467,12,,,,
3550417,8,,,,
2850235,131,,,,
2940317,15,,,,
2680438,87,,,,
B784-92,1,,,,
D642-124,258,,,,
3120114,105,,,,
B784-56S,1,,,,
B784-97,1,,,,
T471-2,462,,,,
B784-58,1,,,,
2960335,117,,,,
1510423,144,,,,
EB3392-157,11,,,,
1510438,253,,,,
EB1011-291,40,,,,
EB3392-113,11,,,,
EB3392-291,17,,,,
EB1011-157,18,,,,
D798-60,46,,,,
D372-124,200,,,,
B980-97W1,34,,,,
B980-58W1,26,,,,
B980-46,26,,,,
B980-31,74,,,,
T221-13,60,,,,
B980-93W9,55,,,,
B980-36,50,,,,
B980-56W1,26,,,,
B776-56SW1,68,,,,
3990587,11,,,,
W738-78H,4,,,,
A4000037,30,,,,
B971-158W1,32,,,,
B971-93W9,21,,,,
B971-156W1,32,,,,
B971-197W1,51,,,,
B090-782W1,8,,,,
B633-78W1,87,,,,
B633-76W1,85,,,,
9220621,9,,,,
2110417,73,,,,
9220421,3,,,,
T446-1,72,,,,
T517-7,122,,,,
H633-02A,84,,,,
H633-70,80,,,,
H633-27,81,,,,
T411-13,314,,,,
W633-68,24,,,,
9280121,36,,,,
D596-60,5,,,,
W446-168,9,,,,
EB1864-112,10,,,,
9860688,27,,,,
9860686,38,,,,
9910115,3,,,,
D947-01,242,,,,
1170235,8,,,,
3100435,25,,,,
1670335,16,,,,
2910188,16,,,,
2810525,13,,,,
1202025,15,,,,
1670338,16,,,,
2820188,20,,,,
2780125,24,,,,
1202035,42,,,,
3190125,144,,,,
3100438,24,,,,
1570516,4,,,,
2820125,28,,,,
1202038,62,,,,
1170238,9,,,,
2720211,18,,,,
2820186,17,,,,
2720267,56,,,,
2070235,11,,,,
2680520,2,,,,
2680414,2,,,,
2680518,33,,,,
2680535,66,,,,
2680514,2,,,,
2680538,57,,,,
1510414,50,,,,
9510439,49,,,,
8550635,38,,,,
8550614,12,,,,
8550620,29,,,,
3290220,59,,,,
B719-46,42,,,,
B719-36,90,,,,
B719-31,116,,,,
B719-77,42,,,,
B719-78,54,,,,
B647-97W1,83,,,,
B647-57,24,,,,
D776-55T,421,,,,
D776-55B,421,,,,
A4000032,33,,,,
EB5514-291,21,,,,
EB5514-113,10,,,,
EB5514-245,9,,,,
EB5514-157,11,,,,
B751-58W1,57,,,,
B751-97W1,60,,,,
B751-93W9,183,,,,
B751-56W1,60,,,,
T459-3,62,,,,
3990425,20,,,,
9860486,33,,,,
B130-382,20,,,,
3380394,8,,,,
1202036,4,,,,
2950238,19,,,,
W446-124,13,,,,
T499-6,152,,,,
2680420,9,,,,
3450235,23,,,,
3090146,46,,,,
2950225,16,,,,
2060488,6,,,,
3090164,35,,,,
3190139,25,,,,
2060429,6,,,,
2950235,45,,,,
2060486,6,,,,
3090165,33,,,,
EW0200-268,12,,,,
B650-58,7,,,,
H675-17,25,,,,
W549-48,9,,,,
5840194,2,,,,
EB1011-113,16,,,,
U4370118,1,,,,
4040121,4,,,,
A3000319,1,,,,
U8300447,2,,,,
U6090081,5,,,,
8120208,4,,,,
EB2120-113,6,,,,
3520435,52,,,,
3520438,37,,,,
3950466,97,,,,
8721320,46,,,,
3950434,101,,,,
3950446,175,,,,
B633-76,44,,,,
B633-78,46,,,,
B742-99,118,,,,
B633-31,117,,,,
B742-76,102,,,,
2100139,9,,,,
T517-6,69,,,,
7050925,3,,,,
7050917,4,,,,
7050966,4,,,,
D776-00,291,,,,
3580214,8,,,,
3580235,81,,,,
3340414,6,,,,
3580223,39,,,,
3580238,94,,,,
8721339,5,,,,
8721310,10,,,,
T648-20,52,,,,
H275-10,2,,,,
H675-44,71,,,,
T372-1,59,,,,
B821-31,36,,,,
2590308,4,,,,
2590366,28,,,,
B476-92,36,,,,
B821-91,77,,,,
B476-99,4,,,,
B821-56,43,,,,
B821-58,43,,,,
2590346,16,,,,
2590377,28,,,,
B821-57,14,,,,
B476-66,16,,,,
B821-46,28,,,,
2590315,8,,,,
B821-36,35,,,,
B821-54,14,,,,
2590367,28,,,,
M8X132,11,,,,
M8X142,11,,,,
M9X942,6,,,,
M9X832,13,,,,
M9X842,7,,,,
M9X932,7,,,,
5120439,33,,,,
5360236,19,,,,
5120535,157,,,,
5120538,118,,,,
5360239,36,,,,
A3000135,29,,,,
A3000066,15,,,,
2780148,17,,,,
W5169-20,6,,,,
T446-3,21,,,,
2180229,40,,,,
B647-58W1,70,,,,
5200414,10,,,,
5200423,24,,,,
D731-01,472,,,,
T736-3,29,,,,
D731-60,22,,,,
T499-0,217,,,,
D546-35,30,,,,
T178-6,389,,,,
D546-60,27,,,,
T648-3,25,,,,
D731-35,64,,,,
T178-8,251,,,,
D546-01,182,,,,
D546-32,100,,,,
D382-325,81,,,,
T901-9,14,,,,
D194-01,196,,,,
D194-15,64,,,,
3290338,63,,,,
5020508,25,,,,
7450289,11,,,,
5020555,84,,,,
D394-113,149,,,,
3290335,23,,,,
5020516,37,,,,
5020556,63,,,,
5020577,98,,,,
5020534,92,,,,
5020546,87,,,,
4610506,22,,,,
4890238,45,,,,
4510306,24,,,,
5020517,59,,,,
A3000207,44,,,,
T029-13,98,,,,
B697-77W1,38,,,,
B756-54W1,33,,,,
B697-74W1,36,,,,
W562-48,23,,,,
B756-56W1,84,,,,
B756-58W1,84,,,,
B697-98W1,44,,,,
EW0267-268,56,,,,
T996-9,84,,,,
T996-3,164,,,,
4430125,16,,,,
2080112,25,,,,
4430225,8,,,,
4510206,22,,,,
4450425,83,,,,
4450525,69,,,,
T5169-1,4,,,,
8100335,10,,,,
2810535,10,,,,
5900535,13,,,,
5900635,8,,,,
5900638,13,,,,
8100338,49,,,,
2810538,54,,,,
T5169-2,5,,,,
5900538,23,,,,
H647-44,11,,,,
B751-58,63,,,,
1320138,158,,,,
B697-96,22,,,,
1320135,167,,,,
B751-97,58,,,,
B697-54,30,,,,
B751-56,63,,,,
1320114,21,,,,
B697-57,22,,,,
1320123,88,,,,
2110477,100,,,,
1080129,139,,,,
5830028,106,,,,
4660425,12,,,,
1230335,110,,,,
1230338,153,,,,
6762234,1,,,,
6762267,1,,,,
2230238,152,,,,
6762216,1,,,,
2230223,56,,,,
B650-136,51,,,,
EB3477-113,4,,,,
EB3477-231,2,,,,
EB3477-245,2,,,,
EB3477-291,11,,,,
EB3477-157,4,,,,
U5950518,12,,,,
U5950515,13,,,,
U5950513,14,,,,
B776-58W1,37,,,,
B776-57,19,,,,
2350162,29,,,,
B980-93,85,,,,
8070308,16,,,,
9400338,46,,,,
9400335,22,,,,
H814-01A,4,,,,
A3000157,36,,,,
T697-4,25,,,,
1220638,3,,,,
A4000229,28,,,,
1570508,4,,,,
H449-114,18,,,,
H190-08,51,,,,
3780120,38,,,,
3780138,56,,,,
H288-44,11,,,,
A3000256,13,,,,
H220-05A,47,,,,
A3000281,20,,,,
B742-78W1,39,,,,
B742-91,53,,,,
B742-97W1,42,,,,
B742-46,128,,,,
B633-92W9,72,,,,
B742-76W1,33,,,,
B742-22,21,,,,
1560220,180,,,,
3440123,24,,,,
H675-01A,4,,,,
1190256,9,,,,
3970234,28,,,,
1190246,9,,,,
3970216,15,,,,
3970256,21,,,,
3970217,13,,,,
3970277,32,,,,
1190248,9,,,,
3970255,19,,,,
B756-91W9,83,,,,
D736-02,60,,,,
D751-35,70,,,,
T459-7,15,,,,
D751-01,376,,,,
3380388,11,,,,
T287-9,25,,,,
T287-2,37,,,,
T757-9,3,,,,
T757-3,4,,,,
T372-3,124,,,,
D589-01,368,,,,
T459-20,109,,,,
T326-13,3,,,,
3730739,2,,,,
2930241,4,,,,
W440-168,14,,,,
EW0200-127,5,,,,
D394-00,22,,,,
W648-68,154,,,,
EW0200-124,11,,,,
W440-127,2,,,,
2930240,11,,,,
2930246,30,,,,
4110214,1,,,,
2930207,8,,,,
W440-124,6,,,,
5810308,2,,,,
B974-97S,36,,,,
1650225,80,,,,
5610355,50,,,,
8721314,27,,,,
3780135,24,,,,
3080335,4,,,,
3870435,102,,,,
D745-01A,186,,,,
A3000200,63,,,,
3870423,59,,,,
A4000137,15,,,,
2050216,11,,,,
2050203,11,,,,
5290621,19,,,,
5290602,22,,,,
2050221,12,,,,
5290603,10,,,,
5290617,22,,,,
2050202,13,,,,
1000716,13,,,,
5290616,10,,,,
2050217,13,,,,
1100116,30,,,,
2350158,29,,,,
D394-024,154,,,,
9860588,30,,,,
4890223,27,,,,
B814-99W1,31,,,,
B814-72W1,31,,,,
B814-91W9,74,,,,
B814-51SW1,31,,,,
T150-3,9,,,,
T150-9,6,,,,
D631-32,86,,,,
D631-09,84,,,,
1670323,13,,,,
2230235,108,,,,
B719-58W1,21,,,,
T989-20,43,,,,
D5822-25,73,,,,
B719-97W1,21,,,,
D5822-60,46,,,,
T989-2,81,,,,
1670314,1,,,,
B719-56W1,15,,,,
T446-7,14,,,,
A4000268,18,,,,
D5822-01,262,,,,
3054038,63,,,,
3054021,31,,,,
3054035,63,,,,
3054023,35,,,,
3950408,22,,,,
1230314,17,,,,
2780249,4,,,,
2780248,4,,,,
9060349,28,,,,
9060346,41,,,,
9060355,28,,,,
8180749,7,,,,
8180748,20,,,,
1330256,67,,,,
1330255,69,,,,
M62841W2,16,,,,
M61341W2,17,,,,
M61241W2,8,,,,
M72741W2,9,,,,
B647-191W9,87,,,,
D310-15,22,,,,
D310-01,78,,,,
D394-423,119,,,,
D751-60,30,,,,
1540477,2,,,,
U4380987,6,,,,
B650-96W1,47,,,,
U8281513,7,,,,
U4380974,3,,,,
8310601,3,,,,
2820286,6,,,,
B647-56W1,65,,,,
8270349,2,,,,
U3940314,1,,,,
2820288,9,,,,
U4380998,1,,,,
5050538,165,,,,
8270350,1,,,,
1570517,19,,,,
B650-56W1,47,,,,
B650-93,114,,,,
2820225,2,,,,
U8281518,5,,,,
8310646,1,,,,
8310675,3,,,,
B650-58W1,47,,,,
U3940315,1,,,,
8310677,3,,,,
U8281547,4,,,,
5050535,118,,,,
5050523,48,,,,
U3940313,1,,,,
1540464,2,,,,
1540465,2,,,,
B647-146,50,,,,
8270348,2,,,,
1540446,3,,,,
3070520,22,,,,
3070538,18,,,,
2000620,27,,,,
2000635,39,,,,
3070535,14,,,,
2000638,43,,,,
D542-124,22,,,,
4000235,58,,,,
4000223,2,,,,
4000238,30,,,,
8260435,2,,,,
8260438B,2,,,,
6030629,15,,,,
8260438A,2,,,,
5810377,30,,,,
3990594,33,,,,
4060614,1,,,,
4640461,15,,,,
5560335,20,,,,
4890214,13,,,,
H633-34,21,,,,
3990588,43,,,,
6152077,92,,,,
6152046,91,,,,
6152099,15,,,,
6152056,79,,,,
6152034,23,,,,
6152055,77,,,,
4780417,10,,,,
4770435,19,,,,
4770438,27,,,,
4780466,10,,,,
5220417,33,,,,
9400325,11,,,,
6030529,32,,,,
2780225,39,,,,
9400225,9,,,,
1090012,19,,,,
EB1864-291,35,,,,
T185-8,290,,,,
4870120,24,,,,
5630320,21,,,,
B743-76W1,17,,,,
B743-99W1,14,,,,
B743-78W1,16,,,,
1330208,7,,,,
T026-13,27,,,,
T237-13,71,,,,
EB5514-155,2,,,,
EB4121-111,3,,,,
U8300413,1,,,,
2970289,1,,,,
3990598,5,,,,
EW0446-127,2,,,,
D647-09,15,,,,
D776-60,215,,,,
2660617,33,,,,
2660648,33,,,,
2660671,33,,,,
T697-3,26,,,,
B743-46,98,,,,
B476-31,21,,,,
B476-46,12,,,,
T468-3,11,,,,
B476-65,22,,,,
B476-64,22,,,,
5930113,30,,,,
B476-98,16,,,,
T468-7,31,,,,
D388-423,46,,,,
T468-00,57,,,,
B742-96W1,44,,,,
B742-74,54,,,,
U4380887,19,,,,
U4380874,10,,,,
U4380898,18,,,,
1560214,16,,,,
EB1864-245,23,,,,
EB1221-291,12,,,,
EB2120-291,7,,,,
EB1221-245,7,,,,
EB1864-231,21,,,,
EB1864-113,15,,,,
EB1221-157,15,,,,
H814-54,6,,,,
EB1221-231,9,,,,
EB2120-157,7,,,,
EB2120-231,5,,,,
EB1864-157,16,,,,
EB2120-245,5,,,,
H288-24,4,,,,
EB1221-113,13,,,,
B743-91,100,,,,
3950477,89,,,,
A4000231,15,,,,
D799-32,22,,,,
D397-124,8,,,,
7720418,32,,,,
A3000174,13,,,,
D799-124,122,,,,
D397-32,11,,,,
4040108,4,,,,
D799-76,24,,,,
M57141W2,17,,,,
A4000097,9,,,,
A4000392,40,,,,
A8010366,6,,,,
A4000516,8,,,,
H275-14,1,,,,
3470823,21,,,,
3470838,37,,,,
3470835,51,,,,
1810220,8,,,,
B796-58,5,,,,
B796-46,5,,,,
B947-57,6,,,,
B796-54,4,,,,
B947-54,6,,,,
B796-57,4,,,,
B796-36,5,,,,
D947-81,23,,,,
B796-31,6,,,,
D947-01A,110,,,,
D947-80,32,,,,
B796-92,8,,,,
D947-55B,43,,,,
D947-55T,43,,,,
B796-97,8,,,,
B796-56,5,,,,
4870135,31,,,,
D469-124,74,,,,
U7160431,21,,,,
D773-32,57,,,,
W996-78,57,,,,
A3000241,60,,,,
A4000508,17,,,,
D548-524,36,,,,
D548-024,116,,,,
W755-28,13,,,,
B076-280,13,,,,
B751-46,50,,,,
B751-31,104,,,,
B751-36,92,,,,
B751-93,100,,,,
B974-78,151,,,,
B974-76,151,,,,
2680418,32,,,,
W760-78,55,,,,
W651-68,2,,,,
D647-76,59,,,,
8070225,7,,,,
W796-68,19,,,,
W5776-20,120,,,,
W215-66,30,,,,
5440597,29,,,,
9454035,8,,,,
9454038,10,,,,
B733-97,10,,,,
B733-99,42,,,,
9454020,8,,,,
4060620,19,,,,
9454021,2,,,,
2930277,4,,,,
B130-582,63,,,,
B733-56,10,,,,
M62941W2,5,,,,
D798-55T,103,,,,
B5822-36,20,,,,
9831039,2,,,,
B5822-54SW1,47,,,,
T5822-1,30,,,,
D741-03A,12,,,,
T5822-2,30,,,,
B5822-58W1,13,,,,
B5822-56SW1,13,,,,
B5822-92,157,,,,
B5822-57,44,,,,
B5822-31,36,,,,
5540389,5,,,,
5690161,19,,,,
5252116,14,,,,
5252156,152,,,,
5252155,179,,,,
5252134,25,,,,
6152017,20,,,,
6152016,19,,,,
4870125,11,,,,
4110314,24,,,,
4870138,33,,,,
5960308,24,,,,
B777-97W1,50,,,,
B777-158W1,47,,,,
B777-56SW1,39,,,,
6650425,33,,,,
6650488,22,,,,
6650486,22,,,,
M62741W2,7,,,,
M62541W2,12,,,,
M58941W2,27,,,,
M58921US,85,,,,
M58911US,45,,,,
M58931US,70,,,,
M58941US,131,,,,
1440408,35,,,,
4770439,15,,,,
D781-01,390,,,,
D781-35,42,,,,
D781-00,17,,,,
D841-02A,48,,,,
D841-45,20,,,,
B769-31,37,,,,
D751-13,6,,,,
D751-124,28,,,,
D769-01,234,,,,
D781-60,23,,,,
D841-01,86,,,,
D769-35,29,,,,
B769-92,94,,,,
B769-46,10,,,,
D769-60,15,,,,
B769-82,40,,,,
B769-97,61,,,,
D781-50,8,,,,
D841-60,19,,,,
5730338,1,,,,
5730323,1,,,,
5730335,1,,,,
B974-46,49,,,,
8050520,13,,,,
8050538,16,,,,
3970246,17,,,,
4890235,41,,,,
8614055,12,,,,
W633-34,56,,,,
8614056,12,,,,
1020108,44,,,,
B769-36,35,,,,
T185-6,391,,,,
M67341W2,5,,,,
M61231W2,7,,,,
B872-58,12,,,,
B872-56,12,,,,
M61221US,2,,,,
D922-45B,9,,,,
D922-01,96,,,,
D922-45T,9,,,,
D922-50T,4,,,,
D922-50B,4,,,,
B742-58W1,11,,,,
B742-56W1,17,,,,
5530525,46,,,,
5530508,11,,,,
5530566,20,,,,
5530516,16,,,,
5530517,20,,,,
5530567,16,,,,
4130334,17,,,,
ZH141228,6,,,,
3210117,71,,,,
3210155,76,,,,
3340411,17,,,,
2940217,25,,,,
4620425,8,,,,
2900308,17,,,,
2940202,29,,,,
2940211,3,,,,
5650614,2,,,,
5740514,2,,,,
5650638,9,,,,
5530325,2,,,,
5650635,9,,,,
5530316,3,,,,
4770535,14,,,,
5470635,15,,,,
4770514,6,,,,
5470623,1,,,,
5740523,2,,,,
5240418,39,,,,
T247-13,4,,,,
5530367,3,,,,
5240414,1,,,,
4770538,15,,,,
5470638,23,,,,
5470614,1,,,,
5650623,3,,,,
5240423,8,,,,
4770523,6,,,,
2510256,68,,,,
2510277,68,,,,
2510255,68,,,,
8100320,7,,,,
5760439,2,,,,
A4000031,29,,,,
9060356,14,,,,
9060348,13,,,,
5530317,2,,,,
5530366,2,,,,
H755-17,35,,,,
2490438,55,,,,
2490435,78,,,,
2510246,102,,,,
B5822-97W1,84,,,,
B5822-58,35,,,,
B5822-56S,35,,,,
5050435,53,,,,
5050438,61,,,,
B778-82,8,,,,
B778-96,11,,,,
A3000029,152,,,,
B814-98,19,,,,
B814-50S,17,,,,
B814-46,16,,,,
B814-91,47,,,,
B814-51S,21,,,,
B814-72,19,,,,
B814-48,23,,,,
8254021,21,,,,
8254056,10,,,,
8254055,10,,,,
8254038,12,,,,
T845-3,15,,,,
4620639,1,,,,
B697-97,42,,,,
B697-58,33,,,,
B697-56,35,,,,
P784-821,3,,,,
P802-820,3,,,,
P798-625,13,,,,
P802-601A,6,,,,
P798-821,17,,,,
P798-838,16,,,,
P802-838,6,,,,
P802-600,3,,,,
P784-838,3,,,,
P802-625,3,,,,
P798-601A,33,,,,
P798-602A,14,,,,
P798-701,15,,,,
P802-701,6,,,,
P802-702,7,,,,
5220446,175,,,,
B778-82W1,31,,,,
B778-97W1,52,,,,
B778-92W9,23,,,,
5360225,49,,,,
5360339,31,,,,
5360337,21,,,,
5360237,28,,,,
B719-99W1,35,,,,
B719-76W1,40,,,,
B719-78W1,39,,,,
4870114,12,,,,
H320-24,3,,,,
M42641W2,15,,,,
M59141W2,1,,,,
A4000393,27,,,,
B697-76,81,,,,
B719-58,22,,,,
B733-58P,33,,,,
B733-58R,33,,,,
6330694,21,,,,
6330689,25,,,,
6330625,20,,,,
H675-11,15,,,,
9210257,2,,,,
9210265,2,,,,
9210264,2,,,,
B786-56,6,,,,
6330725,45,,,,
T736-4,15,,,,
EB5514-231,3,,,,
B181-57,3,,,,
8670425,19,,,,
2910194,3,,,,
8070208,6,,,,
H743-34R,6,,,,
B743-56W1,29,,,,
M59041W2,41,,,,
3730714,20,,,,
B743-97W1,32,,,,
A4000303,5,,,,
B743-58W1,26,,,,
D803-80,25,,,,
5410248,14,,,,
5410217,24,,,,
5410234,25,,,,
EB1198-291,14,,,,
D546-530,21,,,,
D546-630,3,,,,
B733-98,37,,,,
B733-77,18,,,,
W446-127,3,,,,
B743-87,5,,,,
D546-430,17,,,,
B328-59,12,,,,
EB1864-156,10,,,,
B743-84,11,,,,
T172-4,2,,,,
T251-13,78,,,,
5740466,3,,,,
5252177,27,,,,
5740417,3,,,,
5740408,1,,,,
5252117,27,,,,
3290214,14,,,,
1330266,45,,,,
1330267,28,,,,
1330246,65,,,,
1330234,27,,,,
5810364,17,,,,
5810365,16,,,,
4970142,15,,,,
4970118,26,,,,
B971-46,17,,,,
D768-60,1,,,,
B733-76,40,,,,
B647-58,52,,,,
B733-96,9,,,,
B971-157,27,,,,
5220416,40,,,,
T784-2,14,,,,
T784-1,9,,,,
4710412,7,,,,
D798-01,408,,,,
8614021,22,,,,
8614038,12,,,,
A3000324,7,,,,
5950423,10,,,,
5950438,19,,,,
5950425,42,,,,
5950435,23,,,,
3540225,33,,,,
D596-35,10,,,,
1230323,48,,,,
D388-13,33,,,,
T659-3,10,,,,
1870438,23,,,,
1870421,22,,,,
T659-7,12,,,,
1870435,24,,,,
1870423,23,,,,
U4480561,9,,,,
6152008,9,,,,
B768-36,32,,,,
B768-92,72,,,,
9414014,4,,,,
B768-58W1,16,,,,
B768-56W1,16,,,,
9414020,18,,,,
EB5514-122,23,,,,
B768-46,28,,,,
B768-31,32,,,,
1000699,25,,,,
T683-0,47,,,,
T796-00,34,,,,
H632-70,16,,,,
T786-3,66,,,,
H632-44,16,,,,
W763-68,10,,,,
T769-1,75,,,,
T416-13,64,,,,
T683-6,64,,,,
H304-12,252,,,,
T786-0,58,,,,
H632-01A,30,,,,
T769-3,118,,,,
W854-68,24,,,,
T781-1,28,,,,
T781-3,48,,,,
9860625,95,,,,
8240435,9,,,,
3450214,4,,,,
1220620,1,,,,
3450335,2,,,,
3450314,3,,,,
3450239,1,,,,
U5460218,6,,,,
U4370147,1,,,,
D754-01,4,,,,
U8460418,4,,,,
8240438,14,,,,
9510308,10,,,,
9510408,58,,,,
D647-024,56,,,,
2530277,108,,,,
2530246,125,,,,
2530255,114,,,,
2530256,114,,,,
5510518,45,,,,
8721439,29,,,,
5900567,13,,,,
5900646,7,,,,
B974-56,4,,,,
5900546,14,,,,
5900555,13,,,,
5900667,6,,,,
B974-58,4,,,,
5900655,6,,,,
B697-58W1,28,,,,
B697-56W1,28,,,,
B697-97W1,27,,,,
7720439,19,,,,
B769-81,21,,,,
EB2270-182,8,,,,
EB2270-163,6,,,,
EB2270-165,2,,,,
B783-97W1,9,,,,
8721420,7,,,,
D388-224,85,,,,
T738-3,39,,,,
T235-13,87,,,,
T738-20,51,,,,
3912246,166,,,,
3912208,5,,,,
3912277,103,,,,
3912234,166,,,,
3912217,39,,,,
3912256,124,,,,
3912216,31,,,,
3912255,128,,,,
B743-57,68,,,,
B980-97,40,,,,
B980-56,35,,,,
B980-54,5,,,,
B980-57,5,,,,
B743-54,58,,,,
B980-58,35,,,,
B743-96,44,,,,
D647-55T,39,,,,
D647-55B,39,,,,
B650-31,55,,,,
2862066,7,,,,
2862034,9,,,,
2862017,7,,,,
1650325,80,,,,
9050318,19,,,,
9050315,21,,,,
4410163,2,,,,
6180675,16,,,,
6180601,16,,,,
4410177,2,,,,
6380229,29,,,,
6070313,8,,,,
6180677,13,,,,
6070318,5,,,,
6070315,5,,,,
4410190,2,,,,
6180682,2,,,,
4410146,2,,,,
9050313,29,,,,
6380329,48,,,,
3340421,78,,,,
2630520,41,,,,
2630535,59,,,,
2630538,70,,,,
3070508,2,,,,
B742-25,12,,,,
D548-030,44,,,,
9380225,10,,,,
W797-68,5,,,,
9380286,13,,,,
A3000308,84,,,,
3570214,14,,,,
3290320,25,,,,
3330117,11,,,,
3330166,14,,,,
2460594,6,,,,
2460529,8,,,,
2460588,26,,,,
D393-124,6,,,,
D393-13,3,,,,
A3000081,41,,,,
T841-6,26,,,,
T847-7,123,,,,
T847-1,77,,,,
T854-3,188,,,,
T841-2,97,,,,
T841-1,55,,,,
T854-9,126,,,,
D770-01,90,,,,
8410220,10,,,,
9860488,30,,,,
9860425,60,,,,
9400339,1,,,,
2910294,5,,,,
EW0331-268,11,,,,
D803-81W9,9,,,,
2730455,37,,,,
2730456,37,,,,
2730477,37,,,,
B633-74W1,28,,,,
D380-924,22,,,,
A4000102,14,,,,
5540394,13,,,,
9400417,2,,,,
9400416,4,,,,
9400367,1,,,,
9400366,1,,,,
D546-130,2,,,,
9400239,3,,,,
9600616,18,,,,
1150320,7,,,,
B076-260,9,,,,
D5170-01,96,,,,
D384-325,57,,,,
B776-58,14,,,,
B776-56S,15,,,,
B743-196,5,,,,
B452-81,10,,,,
B743-54S,5,,,,
5930277,9,,,,
4130349,20,,,,
4130348,9,,,,
4130316,4,,,,
4130308,3,,,,
4130346,9,,,,
4130376,22,,,,
4130317,4,,,,
4130375,10,,,,
A4000139,8,,,,
B010-209,3,,,,
D336-124,46,,,,
D334-124,6,,,,
A4000319,13,,,,
D336-52,16,,,,
D334-024,14,,,,
D336-024,8,,,,
A3000286,13,,,,
D642-60,23,,,,
D642-32,49,,,,
D334-52,4,,,,
M57241W2,7,,,,
M57231W2,6,,,,
M41041W2,5,,,,
M40741W2,5,,,,
M41031W2,13,,,,
M41131W2,6,,,,
M40641W2,7,,,,
B777-96W1,8,,,,
D384-223,36,,,,
B777-157,10,,,,
D383-223,20,,,,
5050514,6,,,,
B778-48,16,,,,
T457-3,18,,,,
A4000225,6,,,,
6650286,27,,,,
5470538,26,,,,
5470514,4,,,,
1170223,1,,,,
EB1011-231,6,,,,
6650288,32,,,,
T964-3,8,,,,
8390466,13,,,,
1170214,1,,,,
3290314,1,,,,
5470523,1,,,,
6650225,31,,,,
D631-60,30,,,,
A4000034,8,,,,
EB1011-245,11,,,,
5470535,14,,,,
T457-20,20,,,,
9230538,73,,,,
9230523,53,,,,
9230535,64,,,,
B650-56,4,,,,
B650-97,4,,,,
D748-45,5,,,,
B650-36,4,,,,
M59041US,115,,,,
D736-60,21,,,,
D924-60,17,,,,
D784-32,8,,,,
D784-124,12,,,,
D784-09,4,,,,
2570466,119,,,,
2570446,67,,,,
2570408,30,,,,
2570477,119,,,,
2570467,119,,,,
5900525,22,,,,
8050514,10,,,,
8050535,15,,,,
B650-178,1,,,,
B974-76W1,10,,,,
B650-46,24,,,,
A3000323,10,,,,
B650-176,1,,,,
B974-78W1,10,,,,
T731-7,38,,,,
U5950418,3,,,,
U5950415,3,,,,
D368-425,10,,,,
B743-53,16,,,,
B743-83,16,,,,
B743-52,16,,,,
A4000636,1,,,,
3520442,37,,,,
A4000619,1,,,,
D634-00,1,,,,
D388-230,20,,,,
D596-00,3,,,,
A4000333,3,,,,
A3000658,1,,,,
5660318,18,,,,
2640438,18,,,,
6720420,4,,,,
2640435,19,,,,
6720418,4,,,,
9250418,46,,,,
8390467,8,,,,
D383-325,27,,,,
B793-31,11,,,,
B793-95,11,,,,
8030516,1,,,,
5840125,24,,,,
B793-76S,11,,,,
B793-78,11,,,,
8030567,1,,,,
B793-91,28,,,,
B793-36,11,,,,
1330217,47,,,,
H647-17,7,,,,
A3000628,26,,,,
3990525,36,,,,
8460414,17,,,,
5830094,39,,,,
5830089,69,,,,
4620525,46,,,,
4620625,11,,,,
9600603,16,,,,
B778-81W1,23,,,,
4770518,10,,,,
4770539,10,,,,
D748-60,2,,,,
D970-60,40,,,,
D983-60,14,,,,
5190335,89,,,,
5190338,48,,,,
8240477,12,,,,
B650-78,8,,,,
B650-76,8,,,,
T775-9,23,,,,
4470486,3,,,,
3660313,5,,,,
3660315,4,,,,
T396-13,19,,,,
4470481,3,,,,
3660318,4,,,,
T745-9,2,,,,
3340439,9,,,,
6200220,3,,,,
1202020,9,,,,
B5822-46,36,,,,
T869-9,2,,,,
3912276,7,,,,
B090-781W1,23,,,,
5190339,11,,,,
5190323,10,,,,
B799-58W1,3,,,,
B799-56W1,3,,,,
B799-97W1,3,,,,
EA1024-4X2,15,,,,
T731-9,55,,,,
1010425,3,,,,
3210116,19,,,,
3210156,21,,,,
3210134,106,,,,
3210146,28,,,,
3210177,76,,,,
3670235,19,,,,
3670238,20,,,,
B971-154W1,20,,,,
W402-68,41,,,,
4650496,1,,,,
4650489,12,,,,
4650494,9,,,,
4650425,11,,,,
4650498,1,,,,
4650499,1,,,,
A4000507,21,,,,
3690325,2,,,,
H400-08A,35,,,,
M67441W2,7,,,,
M71841W2,3,,,,
B783-97,6,,,,
B783-81,3,,,,
B783-82,3,,,,
M61131W2,36,,,,
W797-38,16,,,,
3090177,10,,,,
5760414,11,,,,
3090108,8,,,,
3480914,5,,,,
3080323,4,,,,
3080338,2,,,,
EB2320-291,3,,,,
EB4121-113,12,,,,
7500525,16,,,,
EB5514-156,3,,,,
EB1811-112,1,,,,
8390414,2,,,,
1010488,4,,,,
A4000374,4,,,,
2960314,3,,,,
T243-13,52,,,,
3030580,10,,,,
3030578,8,,,,
B719-54,11,,,,
B719-96,13,,,,
D250-06,18,,,,
D422-225,6,,,,
B685-36,14,,,,
B685-56,11,,,,
D466-124,8,,,,
D250-25,36,,,,
B685-58,11,,,,
D947-00,16,,,,
B685-97,22,,,,
D422-325,11,,,,
B685-54,13,,,,
B685-31,15,,,,
B685-92,35,,,,
D422-223,4,,,,
D466-230,8,,,,
D466-224,8,,,,
B685-57,13,,,,
T994-7,43,,,,
M69631W2,1,,,,
W901-68,52,,,,
H633-34R,9,,,,
9600621,3,,,,
T158-13,5,,,,
U4380888,28,,,,
U4380825,7,,,,
U4380925,8,,,,
U4383386,6,,,,
U4383388,6,,,,
U4380988,8,,,,
U4380886,7,,,,
U4383325,6,,,,
U4380986,8,,,,
T505-560,12,,,,
M41241W2,6,,,,
D380-724,18,,,,
D380-930,8,,,,
D803-01A,40,,,,
D469-323,10,,,,
D469-13,9,,,,
B476-36,20,,,,
B476-69,14,,,,
W989-68,15,,,,
D642-09,44,,,,
W814-68,7,,,,
T796-7,23,,,,
6190466,19,,,,
6190417,19,,,,
D5170-25,13,,,,
D983-25,17,,,,
2610638,37,,,,
2610635,37,,,,
2610617,25,,,,
5560325,13,,,,
4470452,3,,,,
6570729,14,,,,
B733-78,18,,,,
4660625,4,,,,
5760423,10,,,,
5760435,12,,,,
5760438,15,,,,
D425-225,46,,,,
3030525,10,,,,
T775-3,21,,,,
3330116,7,,,,
D393-024,6,,,,
T300-117,146,,,,
T300-217,64,,,,
2510208,8,,,,
B687-87,2,,,,
B687-58,2,,,,
B687-92,3,,,,
B687-56,2,,,,
1330216,36,,,,
6880425,26,,,,
6880486,24,,,,
6880488,24,,,,
A4000219,15,,,,
W841-168,5,,,,
B924-31,43,,,,
B924-36,42,,,,
B924-46,31,,,,
B680-46,21,,,,
B680-36,44,,,,
B924-93,47,,,,
T786-7,29,,,,
T756-1,7,,,,
7960438,10,,,,
A3000365,37,,,,
A3000644,19,,,,
A3000325,28,,,,
A4000089,8,,,,
A3000343,10,,,,
A3000208,7,,,,
1110256,35,,,,
1110216,18,,,,
1110277,7,,,,
1110234,7,,,,
6280238,4,,,,
5640234,1,,,,
M57141US,52,,,,
M59241US,87,,,,
M42731W2,4,,,,
M59141US,54,,,,
M40641US,52,,,,
M42531W2,14,,,,
M57131W2,5,,,,
M41231W2,5,,,,
M42541US,62,,,,
M44002,53,,,,
M42641US,52,,,,
M57241US,52,,,,
M40631W2,5,,,,
M40531W2,5,,,,
M59131W2,3,,,,
M41241US,52,,,,
M41041US,52,,,,
M42741US,52,,,,
M40541US,52,,,,
M40731W2,5,,,,
M59231W2,36,,,,
M42631W2,4,,,,
M59031W2,10,,,,
M40741US,52,,,,
M41141US,52,,,,
B751-96W1,21,,,,
1000717,9,,,,
2350157,12,,,,
B650-57,10,,,,
B650-54,9,,,,
B650-96,9,,,,
D596-01,60,,,,
D803-55B,35,,,,
B760-78W1,64,,,,
B760-76W1,64,,,,
M62731W2,2,,,,
M62531W2,2,,,,
7050908,6,,,,
9110234,3,,,,
9110249,3,,,,
9110216,3,,,,
A4000565,33,,,,
A3000300,5,,,,
8530512,10,,,,
3320287,11,,,,
3320296,11,,,,
3320196,24,,,,
8530612,6,,,,
3320187,29,,,,
9250423,24,,,,
9250414,8,,,,
4040167,4,,,,
4040116,4,,,,
4040166,3,,,,
4040117,3,,,,
7960439,5,,,,
A3000641,6,,,,
A3000053,56,,,,
2610660,11,,,,
M59031US,40,,,,
M59341US,70,,,,
M59331W2,20,,,,
D5170-60,6,,,,
B924-54,5,,,,
B924-56,29,,,,
B924-57,5,,,,
B924-58,29,,,,
3440114,12,,,,
7960435,12,,,,
1202008,1,,,,
D798-00,45,,,,
6330789,15,,,,
8721410,3,,,,
2540435,118,,,,
4060539,10,,,,
2540423,66,,,,
2540438,132,,,,
B643-78,2,,,,
B643-98,1,,,,
B764-72,1,,,,
B452-82,3,,,,
B643-77,1,,,,
B718-54,4,,,,
B718-56,11,,,,
B643-76,2,,,,
B718-46,9,,,,
B643-99,2,,,,
B643-74,1,,,,
B764-50,6,,,,
B718-58,11,,,,
B718-57,4,,,,
B764-31,4,,,,
B764-46,7,,,,
B718-96,4,,,,
B764-97,6,,,,
B718-97,11,,,,
B764-93,17,,,,
B777-54,2,,,,
B718-93,26,,,,
B718-31,13,,,,
B280-681,4,,,,
A4000140,10,,,,
T300-517,38,,,,
A4000325,4,,,,
D736-00,32,,,,
D773-60,2,,,,
B5169-196,1,,,,
B5169-54S,1,,,,
B5169-57,1,,,,
D970-09,5,,,,
B772-58,8,,,,
B772-56S,9,,,,
5740416,6,,,,
5810317,4,,,,
B772-96,9,,,,
B772-57,8,,,,
EW1011-268,37,,,,
5740467,3,,,,
B772-97,9,,,,
5740538,10,,,,
B772-54S,9,,,,
B772-92,17,,,,
B772-46,9,,,,
B772-31,10,,,,
T440-4,43,,,,
T390-13,96,,,,
T440-3,86,,,,
5950525,30,,,,
T440-1,47,,,,
B5169-197W1,7,,,,
4970120,10,,,,
B974-92W9,23,,,,
8721408,7,,,,
1110255,16,,,,
1110217,5,,,,
1361116,14,,,,
1361177,21,,,,
5610311,10,,,,
8390514,4,,,,
5860508,7,,,,
T839-6,33,,,,
8390539,3,,,,
W562-28,6,,,,
T194-13,58,,,,
A4000178,15,,,,
T271-13,5,,,,
EW1198-268,17,,,,
A4000189,27,,,,
EB2270-291,11,,,,
EB4121-156,2,,,,
Z1610999,22,,,,
T990-3,79,,,,
EB2270-156,6,,,,
EB4121-291,14,,,,
P798-814,5,,,,
P798-702,17,,,,
P798-835,12,,,,
P465-625,15,,,,
P465-820,15,,,,
P465-822,10,,,,
2640415,9,,,,
W267-127,3,,,,
W267-124,6,,,,
W267-168,5,,,,
1361146,25,,,,
5900539,16,,,,
D924-00,13,,,,
M59241W2,10,,,,
5252146,36,,,,
A3000205,7,,,,
A3000646,7,,,,
B761-91,26,,,,
B761-54,46,,,,
H449-14,29,,,,
B761-57,45,,,,
8070267,5,,,,
B476-95,4,,,,
W797-28,9,,,,
H400-111,2,,,,
2350177,11,,,,
2350131,10,,,,
EB3477-155,2,,,,
4580639,1,,,,
U5460213,5,,,,
U6090094,3,,,,
U5460215,6,,,,
U6090052,3,,,,
3310420,5,,,,
3054016,5,,,,
3054055,5,,,,
3054017,5,,,,
3054056,5,,,,
5530308,2,,,,
1740234,8,,,,
2970294,2,,,,
1740255,8,,,,
2250165,2,,,,
1740277,9,,,,
2250164,2,,,,
2490423,24,,,,
D770-60,1,,,,
5810316,3,,,,
D754-05,26,,,,
7500518,8,,,,
5500308,1,,,,
5500349,1,,,,
5500316,1,,,,
5500334,1,,,,
5470536,3,,,,
A4000517,4,,,,
T429-0,10,,,,
T429-6,12,,,,
T236-13,37,,,,
3190267,7,,,,
3190255,7,,,,
3190129,7,,,,
7870138,5,,,,
7870135,6,,,,
2260506,4,,,,
2260574,3,,,,
2260599,3,,,,
8180750,13,,,,
9400425,14,,,,
9600611,18,,,,
5730238,6,,,,
5730214,1,,,,
5730235,6,,,,
5730223,1,,,,
D413-425,7,,,,
3660213,5,,,,
3660218,1,,,,
D413-225,7,,,,
D396-223,1,,,,
D396-325,1,,,,
3912299,4,,,,
3660215,1,,,,
D5169-25,4,,,,
D5169-02,24,,,,
1310425,2,,,,
9150118,14,,,,
8721414,8,,,,
EB1811-111,2,,,,
3070608,11,,,,
3990596,3,,,,
B680-87,4,,,,
B687-46,1,,,,
B685-87,2,,,,
W786-78,5,,,,
B687-36,1,,,,
B687-31,1,,,,
4522025,7,,,,
B697-39,1,,,,
B760-74,18,,,,
9831038,9,,,,
A3000237,2,,,,
A3000604,32,,,,
B760-77,18,,,,
6330794,11,,,,
B761-58,3,,,,
B761-48,5,,,,
B733-50,10,,,,
B761-36,5,,,,
D380-524,4,,,,
D380-624,4,,,,
T959-3,5,,,,
B760-92W9,4,,,,
B328-50,9,,,,
B328-58R,11,,,,
B328-58P,12,,,,
T916-2W9,1,,,,
EB1221-155,1,,,,
9910135,1,,,,
EB5514-112,2,,,,
9831035,3,,,,
B764-36,2,,,,
B764-71,5,,,,
A4000320,10,,,,
B743-60,1,,,,
W901-60,1,,,,
B743-80,1,,,,
B772-36,6,,,,
4522066,5,,,,
4522017,4,,,,
4970168,10,,,,
A4000500,14,,,,
2490414,3,,,,
D597-35,15,,,,
D597-01,28,,,,
B090-981W1,3,,,,
9030913,11,,,,
3450220,3,,,,
5630314,4,,,,
8670525,11,,,,
3990494,5,,,,
B786-92,12,,,,
B786-46,3,,,,
B786-36,4,,,,
B786-97,7,,,,
B786-31,4,,,,
B786-57,2,,,,
B786-58,5,,,,
B786-54,2,,,,
EB4121-157,11,,,,
EB4121-155,1,,,,
8120248,5,,,,
8120217,5,,,,
8120234,8,,,,
3320198,7,,,,
3320298,8,,,,
H400-411,6,,,,
T749-4,14,,,,
T749-1,30,,,,
T749-3,28,,,,
7260066,21,,,,
7260017,21,,,,
M8X332,2,,,,
B452-82W1,5,,,,
B924-56W1,7,,,,
B924-58W1,7,,,,
B924-93W9,39,,,,
1810268,5,,,,
9230438,35,,,,
9220434,6,,,,
9220417,6,,,,
9230414,5,,,,
9230423,32,,,,
9230435,21,,,,
9220408,4,,,,
EA4957-4X2,12,,,,
U1520618,2,,,,
U1520615,7,,,,
B685-46,5,,,,
B761-31,5,,,,
3190246,2,,,,
3190266,1,,,,
3190256,1,,,,
EB1198-245,5,,,,
5740535,7,,,,
9831042,8,,,,
4370147,4,,,,
1570665,3,,,,
1570677,2,,,,
1570646,6,,,,
1570664,3,,,,
1570616,3,,,,
1570617,3,,,,
A4000017,3,,,,
5950518,2,,,,
5950418,2,,,,
5900556,4,,,,
5900566,4,,,,
M42541W2,4,,,,
3210111,4,,,,
9030918,1,,,,
9030915,1,,,,
7720425,8,,,,
3450339,2,,,,
3450320,1,,,,
3450338,2,,,,
H449-110,1,,,,
B719-97,18,,,,
B719-56,18,,,,
8721483,2,,,,
2610760,24,,,,
5290611,8,,,,
1810214,2,,,,
8550639,1,,,,
T648-7W9,1,,,,
8120246,1,,,,
B008-125,10,,,,
EB1811-291,16,,,,
A3000121,5,,,,
H060-27,17,,,,
1361199,10,,,,
5360437,12,,,,
M59341W2,3,,,,
EB4121-231,11,,,,
EB4121-245,9,,,,
M62931W2,4,,,,
B745-31,1,,,,
T839-0,34,,,,
T839-7,12,,,,
3520414,4,,,,
3520423,13,,,,
3670214,2,,,,
4660525,3,,,,
8120216,3,,,,
8120249,3,,,,
EB2320-113,1,,,,
EB1221-156,1,,,,
9120238,2,,,,
4470474,2,,,,
4470482,2,,,,
4470447,2,,,,
4370106,1,,,,
4370174,3,,,,
B749-56W1,3,,,,
B749-58W1,3,,,,
B749-97W1,3,,,,
D589-00,5,,,,
2180289,4,,,,
5050414,8,,,,
3550408,1,,,,
2050211,1,,,,
4610406,14,,,,
T310-417,4,,,,
T310-317,4,,,,
D425-325,7,,,,
9150120,1,,,,
D425-223,3,,,,
3100516,4,,,,
3100567,4,,,,
1202135,4,,,,
B970-58,3,,,,
EB3660-112,2,,,,
6770338,1,,,,
B799-91W9,1,,,,
5560339,1,,,,
1964008,1,,,,
1964067,4,,,,
1964066,4,,,,
1964077,4,,,,
1964046,3,,,,
B680-52,1,,,,
B685-52,2,,,,
B718-36,11,,,,
B680-84,1,,,,
B680-86,2,,,,
B685-53,2,,,,
B685-86,2,,,,
B680-53,1,,,,
9400370,1,,,,
U8290201,1,,,,
U8290275,1,,,,
U8290277,4,,,,
9400316,1,,,,
T651-9,1,,,,
D813-00,11,,,,
5270549,24,,,,
5270576,24,,,,
5270534,30,,,,
8000435,17,,,,
8000425,19,,,,
8000438,16,,,,
A3000662,24,,,,
5050423,42,,,,
5270548,6,,,,
5270575,6,,,,
T869-2,1,,,,
4870139,3,,,,
D256-113,10,,,,
8230489,33,,,,
D511-25,14,,,,
D511-00,8,,,,
D511-01,54,,,,
5410208,1,,,,
U5950413,5,,,,
5410216,8,,,,
5410249,8,,,,
4770418,7,,,,
D749-01,24,,,,
D749-35,9,,,,
D388-113,13,,,,
M60X42US,19,,,,
8230494,13,,,,
3550421,1,,,,
A3000366,21,,,,
B803-46,4,,,,
U8290263,3,,,,
U8290246,3,,,,
U8290290,3,,,,
3570208,6,,,,
4522016,3,,,,
U1520682,4,,,,
U7160557,1,,,,
U7160577,1,,,,
U7160558,1,,,,
U7160546,1,,,,
U7160562,1,,,,
U7160531,1,,,,
D702-124,16,,,,
D250-05,12,,,,
W192-10,9,,,,
W215-10,13,,,,
EW0331-124,12,,,,
H102-17,4,,,,
D702-32,4,,,,
H060-127,16,,,,
A4000360,15,,,,
9400438,8,,,,
9400435,8,,,,
2540414,29,,,,
3054046,3,,,,
3054034,6,,,,
3054077,6,,,,
9230514,11,,,,
1840321,1,,,,
B799-58,2,,,,
D597-00,12,,,,
B799-36,2,,,,
D803-81,3,,,,
B783-31,1,,,,
B798-97W1,4,,,,
B798-82W1,4,,,,
9080438,1,,,,
B922-31,5,,,,
D922-60,6,,,,
B922-36,5,,,,
B922-93W9,10,,,,
B922-46,2,,,,
D773-09,37,,,,
A4000090,1,,,,
T300-717,51,,,,
9400439,1,,,,
5252111,3,,,,
1240408,1,,,,
EB2270-231,9,,,,
EA5514-243,1,,,,
T250-10,2,,,,
EA1811-243,4,,,,
EW2120-268,4,,,,
EA1221-243,1,,,,
EB2270-245,9,,,,
D647-13,10,,,,
2930257,4,,,,
A4000304,20,,,,
P111-835,4,,,,
P111-820,8,,,,
P210-601A,4,,,,
P114-835,2,,,,
P211-124,2,,,,
P008-827,8,,,,
P211-632,2,,,,
P111-701,4,,,,
P114-701,2,,,,
P114-820,4,,,,
P207-615,2,,,,
T310-117W9,1,,,,
T310-117,7,,,,
EB2270-113,11,,,,
T310-217,1,,,,
EB2270-157,13,,,,
W797-18,4,,,,
EB1198-231,5,,,,
B778-81,2,,,,
EB1811-231,1,,,,
B770-97W1,1,,,,
B770-56W1,1,,,,
B770-58W1,1,,,,
B770-93W9,5,,,,
2930205,1,,,,
1150371,7,,,,
B770-36,3,,,,
7500520,1,,,,
6200338,1,,,,
6490216,1,,,,
B799-57,4,,,,
B497-93,26,,,,
B768-56,20,,,,
B768-58,20,,,,
B776-96,4,,,,
D580-25,1,,,,
T937-1,19,,,,
D580-02,2,,,,
D546-50T,3,,,,
T175-4,2,,,,
D583-59,1,,,,
D546-50B,3,,,,
T937-3,18,,,,
D250-02,4,,,,
D583-25,1,,,,
3100408,1,,,,
D583-02,6,,,,
D291-13,1,,,,
T517-4,4,,,,
T175-2,2,,,,
9440116,3,,,,
9440167,3,,,,
2900408,1,,,,
EB1811-113,1,,,,
A3000330,8,,,,
A3000341,2,,,,
D776-50T,10,,,,
EB1198-113,3,,,,
EB1198-157,3,,,,
B984-36,1,,,,
B984-97,1,,,,
B765-31,1,,,,
B765-92,6,,,,
B798-82,7,,,,
B798-31,9,,,,
H527-12,2,,,,
B770-57,12,,,,
B798-96,3,,,,
B770-97,10,,,,
B770-56,10,,,,
B765-46,1,,,,
B649-92,3,,,,
B497-46,3,,,,
B740-36,1,,,,
B497-31,6,,,,
B740-31,1,,,,
B770-54,12,,,,
B970-56,3,,,,
B552-46,1,,,,
B770-58,10,,,,
B770-96,12,,,,
1000708,5,,,,
5740508,1,,,,
A3000656,1,,,,
3330167,3,,,,
B922-56W1,2,,,,
B922-58W1,2,,,,
H400-112,48,,,,
T648-7,7,,,,
T099-1,1,,,,
W060-58,10,,,,
EW2320-268,2,,,,
EB3392-245,3,,,,
EB3392-231,3,,,,
B5169-56SW1,3,,,,
B5169-36,3,,,,
B5169-58W1,3,,,,
B5169-31,3,,,,
U4370182,4,,,,
T756-7,6,,,,
EA2320-151,4,,,,
P802-835,3,,,,
P802-898,3,,,,
P384-603A,8,,,,
P384-625,4,,,,
P384-604A,4,,,,
A4000394,1,,,,
U8460413,3,,,,
U8460415,3,,,,
5900508,2,,,,
6762208,2,,,,
3100436,3,,,,
7870114,1,,,,
7870120,2,,,,
2180286,2,,,,
4522067,1,,,,
B740-58W1,2,,,,
B740-97W1,2,,,,
B740-56W1,2,,,,
EB3392-112,1,,,,
5930177,1,,,,
6280235,1,,,,
2070238,10,,,,
2780149,10,,,,
9770442,4,,,,
B740-96,5,,,,
1950435,6,,,,
B749-46,5,,,,
B740-154,2,,,,
B740-156,1,,,,
D754-50T,2,,,,
B803-96,1,,,,
5001114,3,,,,
8060314,2,,,,
B984-56,1,,,,
B749-36,3,,,,
1550482,7,,,,
1950439,1,,,,
B745-36,2,,,,
D397-02,2,,,,
2070239,51,,,,
5001135,1,,,,
B793-46,10,,,,
6190467,4,,,,
6190416,4,,,,
6190408,2,,,,
B947-94,1,,,,
B983-46,1,,,,
1202155,2,,,,
T393-13,1,,,,
4240425,4,,,,
4240488,3,,,,
4240486,3,,,,
1090112,9,,,,
T784-40,2,,,,
A4000563,2,,,,
B008-327,1,,,,
2930219,6,,,,
B793-97,5,,,,
B793-77,5,,,,
9150168,3,,,,
B793-74S,5,,,,
3410598,11,,,,
B649-58W1,5,,,,
B649-56W1,5,,,,
B649-97W1,5,,,,
7260008,1,,,,
B625-92,20,,,,
B625-57,4,,,,
B625-54,4,,,,
B625-31,6,,,,
B625-36,6,,,,
B625-56,6,,,,
4940538,6,,,,
B625-46,3,,,,
B625-97,10,,,,
4940535,6,,,,
B625-58,6,,,,
3054011,12,,,,
2270457,3,,,,
2270477,3,,,,
2270440,3,,,,
2270441,3,,,,
2210385,2,,,,
2210377,2,,,,
2210384,2,,,,
2210319,1,,,,
2270446,5,,,,
EB3477-111,1,,,,
8390408,1,,,,
8900838,2,,,,
3000415,1,,,,
M62641W2,1,,,,
D548-530,36,,,,
D282-124,24,,,,
8230425,20,,,,
B497-58,1,,,,
B497-56S,1,,,,
B497-97,1,,,,
5740566,1,,,,
5740516,1,,,,
5740517,2,,,,
A3000661,1,,,,
5740567,1,,,,
T287-7,2,,,,
A3000650,2,,,,
P011-827,2,,,,
2290231,1,,,,
2290262,1,,,,
M41141W2,1,,,,
2270419,1,,,,
2290257,1,,,,
2290246,3,,,,
2290258,1,,,,
2290277,1,,,,
3000413,2,,,,
5510520,2,,,,
W301-10,2,,,,
B783-82W1,3,,,,
9070313,14,,,,
4522083,1,,,,
D983-02,4,,,,
M42741W2,10,,,,
H755-11,3,,,,
B761-56,3,,,,
5900656,1,,,,
5900666,1,,,,
9400469,1,,,,
T844-1,20,,,,
T937-40,5,,,,
6750738,2,,,,
6750638,2,,,,
6750635,2,,,,
6750623,4,,,,
6750735,2,,,,
6750723,4,,,,
2862067,2,,,,
2862016,2,,,,
2862008,2,,,,
B799-96W1,2,,,,
B799-31,1,,,,
B799-54,2,,,,
EB5514-121,2,,,,
B970-31,1,,,,
Z1610744,1,,,,
1202166,9,,,,
1202156,9,,,,
P455-820,8,,,,
B751-94,4,,,,
D773-124,192,,,,
8900835,1,,,,
8900814,1,,,,
8900820,1,,,,
9400470,3,,,,
